Francisco Lindor,0.284138810835
Clint Frazier,0.781475723027
Mike Papi,0.0
Tyler Naquin,0.226642500997
Erik Gonzalez,0.350170954338
Cody Anderson,0.823504973912
